[
    {
        "Pressed": "'h'"
    },
    {
        "Released": "'h'"
    },
    {
        "Pressed": "'e'"
    },
    {
        "Released": "'e'"
    },
    {
        "Pressed": "'l'"
    },
    {
        "Released": "'l'"
    },
    {
        "Pressed": "'l'"
    },
    {
        "Released": "'l'"
    },
    {
        "Pressed": "'o'"
    },
    {
        "Released": "'o'"
    },
    {
        "Pressed": "Key.space"
    },
    {
        "Released": "Key.space"
    },
    {
        "Pressed": "'t'"
    },
    {
        "Released": "'t'"
    },
    {
        "Pressed": "'h'"
    },
    {
        "Released": "'h'"
    },
    {
        "Pressed": "'i'"
    },
    {
        "Released": "'i'"
    },
    {
        "Pressed": "'s'"
    },
    {
        "Released": "'s'"
    },
    {
        "Pressed": "Key.space"
    },
    {
        "Released": "Key.space"
    },
    {
        "Pressed": "'i'"
    },
    {
        "Released": "'i'"
    },
    {
        "Pressed": "'s'"
    },
    {
        "Released": "'s'"
    },
    {
        "Pressed": "Key.space"
    },
    {
        "Released": "Key.space"
    },
    {
        "Pressed": "'a'"
    },
    {
        "Released": "'a'"
    },
    {
        "Pressed": "Key.space"
    },
    {
        "Released": "Key.space"
    },
    {
        "Pressed": "'l'"
    },
    {
        "Released": "'l'"
    },
    {
        "Pressed": "'l'"
    },
    {
        "Released": "'l'"
    }
]